Poll ID,Date,Respondents,Media Outlet,Pollster,Likud,UTJ,Shas,Blue & White,Yesh Atid,Hadash Ta'al,Yisrael Beiteinu,The Democrats,Religious Zionism,Ra'am,Balad,Otzma Yehudit,Bennett's Party,Yashar!,Bayit Yehudi–The Reservists,Joint Arab List,Arden–Edelstein Party,Ofer Winter's Party
2,2023-01-01,700,חדשות 13,קמיל פוקס,31,7,8,12,26,4,6,4,12,6,0,,,,,,,
3,2023-01-27,500,מעריב,מנחם לזר,31,7,9,15,27,4,5,4,13,0,0,,,,,,,
4,2023-02-03,500,חדשות 12,מנו גבע,30,7,11,14,24,5,6,0,14,5,0,,,,,,,
5,2023-02-03,512,ערוץ 14,שלמה פילברוצוריאלשרון,30,8,12,12,24,5,6,4,14,5,0,,,,,,,
6,2023-02-20,902,חדשות 13,קמיל פוקס,27,7,10,14,26,5,5,4,12,6,4,,,,,,,
7,2023-02-24,500,מעריב,מנחם לזר,26,7,10,19,27,5,5,5,12,0,0,,,,,,,
8,2023-02-24,806,ערוץ 7,דירקט פולס,31,8,11,13,23,5,6,4,14,5,0,,,,,,,
9,2023-02-27,1001,כאן חדשות,דודי חסיד,29,7,10,15,26,5,5,0,13,6,0,,,,,,,
10,2023-02-28,500,חדשות 12,מנו גבע,29,7,11,14,26,5,6,0,12,6,0,,,,,,,
11,2023-03-05,512,ערוץ 14,דירקט פולס,30,8,12,12,24,5,6,4,14,5,0,,,,,,,
12,2023-03-05,701,חדשות 13,קמיל פוקס,28,7,9,14,27,5,6,6,12,6,0,,,,,,,
13,2023-03-10,507,מעריב,מנחם לזר,27,7,10,16,25,5,6,4,12,4,0,,,,,,,
14,2023-03-16,600,כאן חדשות,דודי חסיד,28,7,11,17,24,5,6,0,12,6,0,,,,,,,
15,2023-03-16,993,ערוץ 14,דירקט פולס,32,7,11,15,23,5,6,0,12,5,0,,,,,,,
16,2023-03-16,700,חדשות 13,קמיל פוקס,28,7,10,13,27,5,6,5,13,6,0,,,,,,,
17,2023-03-17,508,מעריב,מנחם לזר,29,8,9,16,24,4,6,4,11,4,0,,,,,,,
18,2023-03-17,503,חדשות 12,מנו גבע,29,7,10,17,23,5,6,0,12,6,0,,,,,,,
19,2023-03-24,713,ג׳רוזלם פוסט,מנחם לזר,28,7,10,19,26,5,5,0,11,4,0,,,,,,,
20,2023-03-26,700,חדשות 13,קמיל פוקס,28,7,9,18,24,5,5,4,11,5,4,,,,,,,
21,2023-03-27,500,חדשות 12,מנו גבע,25,7,10,23,22,5,6,0,12,5,0,,,,,,,
22,2023-03-27,600,כאן חדשות,דודי חסיד,25,7,10,21,22,5,6,4,11,5,0,,,,,,,
23,2023-03-28,700,ערוץ 14,דירקט פולס,30,7,10,23,19,5,6,0,11,5,0,,,,,,,
24,2023-04-07,522,מעריב,מנחם לזר,25,7,10,25,20,6,6,0,12,4,0,,,,,,,
25,2023-04-09,699,חדשות 13,קמיל פוקס,20,6,9,29,21,6,5,4,11,5,4,,,,,,,
26,2023-04-14,500,מעריב,מנחם לזר,26,7,9,26,19,6,6,4,9,4,0,,,,,,,
27,2023-04-16,504,חדשות 12,מנו גבע,24,7,10,28,20,5,5,0,11,5,0,,,,,,,
28,2023-04-16,1115,ערוץ 14,שלמה פילבר,30,8,10,29,14,5,6,0,9,5,0,,,,,,,
29,2023-04-21,500,מעריב,מנחם לזר,26,7,9,27,19,6,6,0,10,4,0,,,,,,,
30,2023-04-28,525,מעריב,מנחם לזר,23,7,10,28,17,6,6,4,10,5,0,,,,,,,
31,2023-04-29,600,כאן חדשות,דודי חסיד,25,7,10,30,18,6,6,0,9,5,0,,,,,,,
32,2023-04-30,500,ערוץ 14,דירקט פולס,31,7,11,28,14,5,6,0,9,5,0,,,,,,,
33,2023-04-30,700,חדשות 13,קמיל פוקס,22,7,9,28,18,5,6,0,11,5,4,,,,,,,
34,2023-05-05,517,מעריב,מנחם לזר,25,8,10,31,17,5,6,0,10,4,0,,,,,,,
35,2023-05-07,500,חדשות 12,מנו גבע,24,7,10,29,18,5,6,0,11,5,0,,,,,,,
36,2023-05-07,700,חדשות 13,קמיל פוקס,24,7,10,29,19,5,6,0,11,5,0,,,,,,,
37,2023-05-12,500,מעריב,מנחם לזר,27,8,10,27,17,6,6,0,9,4,0,,,,,,,
38,2023-05-14,622,ערוץ 14,דירקט פולס,31,7,10,27,16,4,6,0,10,5,0,,,,,,,
39,2023-05-14,501,חדשות 12,מנו גבע,27,7,10,27,18,5,6,0,10,5,0,,,,,,,
40,2023-05-14,605,כאן חדשות,דודי חסיד,28,7,10,26,18,5,6,0,10,5,0,,,,,,,
41,2023-05-14,700,חדשות 13,קמיל פוקס,25,8,10,30,18,5,5,0,13,6,0,,,,,,,
42,2023-05-19,513,מעריב,מנחם לזר,25,8,9,28,16,6,6,0,12,5,0,,,,,,,
43,2023-05-24,700,חדשות 13,קמיל פוקס,25,7,9,29,18,5,4,0,9,6,4,,,,,,,
44,2023-05-25,500,מעריב,מנחם לזר,27,7,9,27,18,6,6,0,11,4,0,,,,,,,
45,2023-05-30,510,חדשות 12,מנו גבע,26,7,10,28,18,4,6,0,10,6,0,,,,,,,
46,2023-06-02,506,מעריב,מנחם לזר,26,7,9,29,18,6,6,0,10,5,0,,,,,,,
47,2023-06-08,592,ערוץ 14,דירקט פולס,31,7,10,26,15,5,7,0,10,5,0,,,,,,,
48,2023-06-09,502,מעריב,מנחם לזר,26,7,9,31,18,5,6,0,9,5,0,,,,,,,
49,2023-06-11,700,חדשות 13,קמיל פוקס,24,7,10,28,19,6,5,0,11,6,0,,,,,,,
50,2023-06-15,700,חדשות 13,קמיל פוקס,24,7,9,28,17,6,5,0,11,5,4,,,,,,,
51,2023-06-15,516,חדשות 12,מנו גבע,27,7,10,27,18,5,6,0,10,5,0,,,,,,,
52,2023-06-16,512,מעריב,מנחם לזר,24,7,9,32,17,6,5,0,10,5,0,,,,,,,
53,2023-06-23,500,מעריב,מנחם לזר,26,7,9,30,17,6,6,0,9,5,0,,,,,,,
54,2023-06-26,516,חדשות 12,מנו גבע,27,7,10,28,18,4,6,0,10,6,0,,,,,,,
55,2023-06-26,702,חדשות 13,קמיל פוקס,24,7,10,28,20,4,6,0,11,6,0,,,,,,,
56,2023-06-29,779,ערוץ 14,שלמה פילברוצוריאלשרון,30,7,10,28,14,4,8,0,10,5,0,,,,,,,
57,2023-06-30,513,מעריב,מנחם לזר,27,7,9,28,19,6,5,0,10,5,0,,,,,,,
58,2023-07-05,701,חדשות 13,קמיל פוקס,26,7,10,26,18,4,6,0,13,6,0,,,,,,,
59,2023-07-06,472,ערוץ 14,שלמה פילברוצוריאלשרון,29,7,10,27,14,5,7,0,11,6,0,,,,,,,
60,2023-07-07,517,מעריב,מנחם לזר,29,7,9,26,20,5,5,0,10,5,0,,,,,,,
61,2023-07-09,501,חדשות 12,מנו גבע,28,7,10,26,20,5,6,0,9,5,0,,,,,,,
62,2023-07-09,606,כאן חדשות,דודי חסיד,28,7,10,29,17,5,6,0,9,5,0,,,,,,,
63,2023-07-13,697,חדשות 13,קמיל פוקס,25,7,9,27,21,4,6,0,10,7,0,,,,,,,
64,2023-07-13,500,ערוץ 14,דירקט פולס,30,7,9,28,14,5,7,0,11,5,0,,,,,,,
65,2023-07-14,516,מעריב,מנחם לזר,28,7,9,26,18,6,6,0,10,5,0,,,,,,,
66,2023-07-20,500,חדשות 13,קמיל פוקס,26,7,9,29,21,5,6,0,11,6,0,,,,,,,
67,2023-07-21,525,מעריב,מנחם לזר,28,7,9,29,17,5,5,0,10,5,0,,,,,,,
68,2023-07-23,602,כאן חדשות,דודי חסיד,27,7,9,30,17,5,5,0,10,5,0,,,,,,,
69,2023-07-24,1143,ערוץ 14,שלמה פילבר,31,7,9,28,14,5,7,0,10,5,0,,,,,,,
70,2023-07-25,501,חדשות 12,מנו גבע,28,7,10,28,19,5,6,0,8,5,0,,,,,,,
71,2023-07-25,711,חדשות 13,קמיל פוקס,25,7,10,30,17,5,6,0,10,6,0,,,,,,,
72,2023-07-28,500,ישראל היום,יצחק כ״ץ,27,7,10,28,21,4,4,0,9,5,0,,,,,,,
73,2023-07-28,504,מעריב,מנחם לזר,28,7,9,30,16,4,5,0,10,6,0,,,,,,,
74,2023-08-03,720,ערוץ 14,שלמה פילבר,30,7,10,25,16,5,7,0,10,5,0,,,,,,,
75,2023-08-04,507,מעריב,מנחם לזר,27,7,9,30,16,5,5,0,10,6,0,,,,,,,
76,2023-08-04,500,חדשות 12,מנו גבע,26,7,10,28,20,5,6,0,9,5,0,,,,,,,
77,2023-08-11,511,מעריב,מנחם לזר,28,7,9,29,16,5,6,0,10,5,0,,,,,,,
78,2023-08-18,511,מעריב,מנחם לזר,28,7,10,31,15,5,5,0,10,5,0,,,,,,,
79,2023-08-25,608,מעריב,מנחם לזר,27,7,10,30,16,6,5,0,10,5,0,,,,,,,
80,2023-09-01,512,מעריב,מנחם לזר,27,7,10,31,17,5,5,0,9,5,0,,,,,,,
81,2023-08-31,523,ערוץ 14,שלמה פילברוצוריאלשרון,31,6,10,26,15,5,8,0,10,5,0,,,,,,,
82,2023-09-04,702,חדשות 13,קמיל פוקס,25,7,10,26,20,5,6,0,11,6,0,,,,,,,
83,2023-09-06,927,ערוץ 14,שלמה פילברוצוריאלשרון,30,7,10,28,15,4,7,0,11,4,0,,,,,,,
84,2023-09-08,517,מעריב,מנחם לזר,26,7,10,30,17,5,5,0,10,6,0,,,,,,,
85,2023-09-10,505,חדשות 12,מנו גבע,26,7,10,29,18,5,6,0,9,5,0,,,,,,,
86,2023-09-13,697,חדשות 13,קמיל פוקס,25,7,10,28,18,5,6,0,11,6,0,,,,,,,
87,2023-09-15,525,מעריב,מנחם לזר,27,7,9,31,16,5,6,0,10,5,0,,,,,,,
88,2023-09-14,683,ערוץ 14,דירקט פולס,30,7,10,28,16,4,7,0,9,5,0,,,,,,,
89,2023-09-22,809,ערוץ 14,דירקט פולס,31,7,10,27,16,4,6,0,10,5,0,,,,,,,
90,2023-09-22,507,מעריב,מנחם לזר,26,7,10,31,16,5,6,0,10,5,0,,,,,,,
91,2023-09-26,601,כאן חדשות,דודי חסיד,27,7,10,30,18,5,5,0,9,5,0,,,,,,,
92,2023-09-26,702,חדשות 13,קמיל פוקס,26,7,10,27,16,5,6,0,10,5,4,,,,,,,
93,2023-09-26,500,חדשות 12,מנו גבע,28,7,10,27,18,5,6,0,9,5,0,,,,,,,
94,2023-09-29,505,מעריב,מנחם לזר,28,7,10,28,17,5,6,0,9,5,0,,,,,,,
95,2023-10-06,501,מעריב,מנחם לזר,28,7,10,29,16,5,6,0,10,5,0,,,,,,,
96,2023-10-13,600,מעריב,מנחם לזר,19,7,7,41,15,5,6,0,9,5,0,,,,,,,
97,2023-10-20,510,מעריב,מנחם לזר,18,7,8,40,15,5,7,0,10,4,0,,,,,,,
98,2023-10-27,522,מעריב,מנחם לזר,19,7,8,36,17,5,8,0,9,5,0,,,,,,,
99,2023-11-03,515,מעריב,מנחם לזר,18,7,8,39,15,5,8,0,9,5,0,,,,,,,
100,2023-11-10,515,מעריב,מנחם לזר,18,7,9,40,14,5,9,0,9,5,0,,,,,,,
101,2023-11-16,502,חדשות 12,מנו גבע,17,7,10,36,15,5,9,0,11,5,0,,,,,,,
102,2023-11-17,500,מעריב,מנחם לזר,17,7,8,42,14,5,8,0,10,5,0,,,,,,,
103,2023-11-24,500,מעריב,מנחם לזר,18,7,9,43,13,5,8,0,7,5,0,,,,,,,
104,2023-12-01,603,מעריב,מנחם לזר,20,7,9,40,14,5,10,0,7,4,0,,,,,,,
105,2023-12-08,505,מעריב,מנחם לזר,18,7,9,38,15,5,10,0,10,4,0,,,,,,,
110,2023-12-11,500,חדשות 13,קמיל פוקס,18,7,9,37,15,5,8,0,5,5,0,7,,,,,,
111,2023-12-15,510,מעריב,מנחם לזר,17,7,8,39,14,5,9,0,4,5,0,7,,,,,,
112,2023-12-18,504,חדשות 12,מנו גבע,18,7,11,37,15,5,9,0,0,5,0,8,,,,,,
113,2023-12-21,500,ערוץ 14,דירקט פולס,27,7,10,28,14,5,11,0,4,6,0,8,,,,,,
114,2023-12-22,502,מעריב,מנחם לזר,18,7,9,38,13,5,10,0,4,5,0,7,,,,,,
115,2023-12-28,700,חדשות 13,קמיל פוקס,16,7,9,38,15,4,8,0,5,6,0,8,,,,,,
116,2023-12-29,502,מעריב,מנחם לזר,17,7,9,38,13,5,11,0,4,5,0,7,,,,,,
117,2024-01-05,519,מעריב,מנחם לזר,19,6,9,36,14,5,10,0,4,5,0,8,,,,,,
118,2024-01-06,500,ערוץ 14,דירקט פולס,25,8,9,27,14,4,10,0,5,5,0,9,,,,,,
119,2024-01-07,600,כאן חדשות,דודי חסיד,20,7,10,33,14,5,10,0,4,5,0,8,,,,,,
120,2024-01-11,511,חדשות 12,מנו גבע,18,7,11,35,14,5,9,0,4,5,0,8,,,,,,
121,2024-01-12,515,מעריב,מנחם לזר,16,7,9,39,13,5,10,0,4,5,0,8,,,,,,
122,2024-01-14,500,ערוץ 14,דירקט פולס,26,8,10,29,14,4,9,0,4,4,0,8,,,,,,
123,2024-01-19,512,מעריב,מנחם לזר,16,6,9,39,13,5,10,0,4,5,0,9,,,,,,
124,2024-01-21,602,חדשות 13,קמיל פוקס,16,7,9,37,14,5,9,0,6,5,0,8,,,,,,
125,2024-01-25,500,ערוץ 14,דירקט פולס,27,7,10,26,12,5,11,0,4,5,0,9,,,,,,
126,2024-01-26,513,מעריב,מנחם לזר,16,7,9,40,13,5,9,0,4,5,0,8,,,,,,
127,2024-01-30,503,חדשות 12,מנו גבע,18,7,10,37,14,5,8,0,4,5,0,8,,,,,,
128,2024-02-02,500,ישראל היום,יצחק כ״ץ,19,7,10,34,15,4,9,0,5,5,0,8,,,,,,
129,2024-02-02,511,מעריב,מנחם לזר,18,6,9,38,12,5,10,0,4,5,0,9,,,,,,
130,2024-02-09,514,מעריב,מנחם לזר,17,7,9,36,12,5,10,0,5,5,0,10,,,,,,
131,2024-02-11,500,חדשות 13,קמיל פוקס,18,7,9,37,13,4,10,0,6,4,0,8,,,,,,
132,2024-02-11,510,חדשות 12,מנו גבע,18,7,11,37,15,5,9,0,0,5,0,9,,,,,,
133,2024-02-13,500,ערוץ 14,דירקט פולס,28,8,9,26,12,4,9,0,5,6,0,9,,,,,,
134,2024-02-16,515,מעריב,מנחם לזר,18,7,9,40,12,5,10,0,0,5,0,10,,,,,,
135,2024-02-23,508,מעריב,מנחם לזר,18,6,10,39,13,5,10,0,0,4,0,10,,,,,,
136,2024-03-01,511,מעריב,מנחם לזר,18,6,10,41,12,5,10,0,0,4,0,9,,,,,,
137,2024-03-02,20839,ערוץ 14,שלמה פילברוצוריאלשרון,24,8,10,27,10,0,11,0,5,5,4,10,,,,,,
138,2024-03-03,700,חדשות 13,קמיל פוקס,17,7,9,39,12,4,9,0,5,5,0,9,,,,,,
139,2024-03-08,510,מעריב,מנחם לזר,18,6,10,40,10,5,9,0,4,5,0,9,,,,,,
140,2024-03-12,503,חדשות 12,מנו גבע,19,7,11,35,14,5,10,0,0,5,0,9,,,,,,
141,2024-03-13,553,כאן חדשות,דודי חסיד,21,7,10,30,14,5,11,0,0,5,0,8,,,,,,
142,2024-03-13,500,חדשות 12,מנו גבע,18,7,11,33,13,5,11,0,0,5,0,8,,,,,,
143,2024-03-13,500,חדשות 13,קמיל פוקס,17,7,9,34,14,4,8,0,4,4,0,9,,,,,,
144,2024-03-13,500,ערוץ 14,שלמה פילברוצוריאלשרון,25,8,10,22,12,4,9,0,4,6,0,9,,,,,,
145,2024-03-15,601,מעריב,מנחם לזר,18,6,10,36,11,5,9,0,4,4,0,9,,,,,,
146,2024-03-22,500,מעריב,מנחם לזר,17,6,10,35,12,5,10,0,5,5,0,10,,,,,,
147,2024-03-29,500,מעריב,מנחם לזר,19,7,10,33,12,5,10,0,0,5,0,10,,,,,,
148,2024-03-31,589,ערוץ 14,שלמה פילברוצוריאלשרון,24,8,10,22,13,4,8,5,6,6,0,10,,,,,,
149,2024-04-05,528,מעריב,מנחם לזר,17,6,9,32,15,5,11,0,4,4,0,9,,,,,,
150,2024-04-07,500,חדשות 12,מנו גבע,19,8,11,32,15,5,11,0,0,5,0,9,,,,,,
151,2024-04-07,601,כאן חדשות,דודי חסיד,21,7,10,30,14,5,10,0,0,5,0,10,,,,,,
152,2024-04-07,587,ערוץ 14,שלמה פילברוצוריאלשרון,22,8,10,23,11,4,8,4,5,6,0,10,,,,,,
153,2024-04-07,587,ערוץ 14,שלמה פילברוצוריאלשרון,22,8,10,23,11,4,8,4,5,6,0,10,,,,,,
154,2024-04-12,508,מעריב,מנחם לזר,19,7,9,30,15,5,12,0,0,5,0,10,,,,,,
155,2024-04-15,816,ערוץ 14,שלמה פילברוצוריאלשרון,26,8,10,22,11,4,11,4,5,6,0,9,,,,,,
156,2024-04-19,500,מעריב,מנחם לזר,21,7,9,31,13,5,12,0,4,5,0,9,,,,,,
157,2024-04-21,500,חדשות 13,אריאל איילון,20,7,8,30,15,5,11,4,7,4,0,9,,,,,,
158,2024-04-26,500,מעריב,מנחם לזר,21,7,9,29,13,5,11,0,4,4,0,9,,,,,,
159,2024-04-30,500,חדשות 12,מנו גבע,18,8,10,31,15,5,10,0,4,5,0,10,,,,,,
160,2024-04-30,601,כאן חדשות,דודי חסיד,21,7,10,29,15,5,11,0,5,4,0,9,,,,,,
161,2024-05-03,500,מעריב,מנחם לזר,19,7,9,31,13,5,12,0,5,5,0,10,,,,,,
162,2024-05-08,500,חדשות 13,אריאל איילון,19,7,10,30,15,5,10,0,6,6,0,12,,,,,,
163,2024-05-09,500,ערוץ 14,שלמה פילברוצוריאלשרון,25,8,10,23,13,4,8,5,5,6,0,9,,,,,,
164,2024-05-10,500,מעריב,מנחם לזר,17,7,10,32,13,5,11,4,4,4,0,9,,,,,,
165,2024-05-16,925,ערוץ 14,שלמה פילברוצוריאלשרון,25,8,10,20,14,4,8,6,5,6,0,10,,,,,,
166,2024-05-16,502,חדשות 12,מנו גבע,19,8,10,29,16,5,11,0,4,5,0,9,,,,,,
167,2024-05-17,500,מעריב,מנחם לזר,19,7,9,30,14,5,12,0,5,5,0,9,,,,,,
168,2024-05-23,600,כאן חדשות,דודי חסיד,22,7,10,29,16,5,10,0,4,4,0,9,,,,,,
169,2024-05-24,500,מעריב,מנחם לזר,20,7,9,29,14,6,11,4,0,5,0,10,,,,,,
170,2024-05-29,503,חדשות 12,מנו גבע,21,7,10,25,13,5,10,10,5,5,0,9,,,,,,
171,2024-05-30,925,ערוץ 14,שלמה פילברוצוריאלשרון,27,8,10,19,12,4,13,8,4,6,0,9,,,,,,
172,2024-05-31,502,מעריב,מנחם לזר,22,7,10,25,14,5,10,5,4,4,0,10,,,,,,
173,2024-06-02,605,כאן חדשות,דודי חסיד,21,7,10,27,14,5,12,6,4,5,0,9,,,,,,
174,2024-06-06,778,ערוץ 14,שלמה פילברוצוריאלשרון,25,8,10,17,13,4,14,9,5,6,0,9,,,,,,
175,2024-06-07,502,מעריב,מנחם לזר,20,7,10,27,15,5,11,6,4,5,0,10,,,,,,
176,2024-06-10,507,חדשות 12,מנו גבע,19,8,10,22,15,5,13,9,4,5,0,10,,,,,,
177,2024-06-10,500,חדשות 13,אריאל איילון,20,7,10,25,13,5,12,9,5,5,0,9,,,,,,
178,2024-06-10,605,כאן חדשות,דודי חסיד,22,7,10,23,16,5,12,7,4,5,0,9,,,,,,
179,2024-06-10,512,ערוץ 14,שלמה פילברוצוריאלשרון,26,8,10,17,12,4,13,9,5,6,0,10,,,,,,
180,2024-06-14,544,ישראל היום,יצחק כ״ץ,21,7,10,24,16,5,12,5,4,4,0,8,,,,,,
181,2024-06-14,501,מעריב,מנחם לזר,21,7,10,24,15,5,14,5,5,5,0,9,,,,,,
182,2024-06-20,514,ערוץ 14,שלמה פילברוצוריאלשרון,24,8,10,18,13,4,14,8,5,6,0,10,,,,,,
183,2024-06-21,510,מעריב,מנחם לזר,22,7,10,23,16,5,14,5,0,5,0,9,,,,,,
184,2024-06-23,500,חדשות 13,יצחק כ״ץ,21,8,9,25,12,5,11,10,5,4,0,10,,,,,,
185,2024-06-24,500,חדשות 12,מנו גבע,20,8,10,23,15,5,14,11,0,5,0,9,,,,,,
186,2024-06-25,843,ערוץ 14,שלמה פילברוצוריאלשרון,26,8,10,17,13,4,14,8,6,6,0,8,,,,,,
187,2024-06-28,500,מעריב,מנחם לזר,21,7,10,24,15,5,14,10,0,5,0,9,,,,,,
188,2024-07-04,858,ערוץ 14,שלמה פילברוצוריאלשרון,24,8,10,17,13,4,13,10,6,6,0,9,,,,,,
189,2024-07-05,600,מעריב,מנחם לזר,21,7,9,23,13,5,14,10,4,5,0,9,,,,,,
190,2024-07-07,500,חדשות 13,יצחק כ״ץ,21,8,10,25,13,4,12,9,4,4,0,10,,,,,,
191,2024-07-09,500,i24 news,עדי טימורוריקיהרצברג,21,8,11,22,15,5,14,8,0,6,0,10,,,,,,
192,2024-07-11,500,ערוץ 14,שלמה פילברוצוריאלשרון,24,8,10,16,13,4,14,10,6,6,0,9,,,,,,
193,2024-07-12,500,מעריב,מנחם לזר,20,7,9,24,13,5,14,9,4,5,0,10,,,,,,
194,2024-07-18,779,ערוץ 14,שלמה פילברוצוריאלשרון,28,8,10,16,12,4,13,11,4,6,0,8,,,,,,
195,2024-07-19,502,מעריב,מנחם לזר,21,7,9,23,13,6,14,9,4,4,0,10,,,,,,
196,2024-07-25,500,חדשות 13,יצחק כ״ץ,21,7,9,23,13,6,12,8,5,5,0,11,,,,,,
197,2024-07-25,631,ערוץ 14,שלמה פילברוצוריאלשרון,28,8,10,15,14,4,14,9,4,6,0,8,,,,,,
198,2024-07-26,500,מעריב,מנחם לזר,23,7,10,23,12,6,14,8,4,4,0,9,,,,,,
199,2024-07-26,1163,i24 news,עדי טימורוריקיהרצברג,24,8,9,23,12,4,12,9,4,6,0,9,,,,,,
200,2024-08-01,800,ערוץ 14,שלמה פילברוצוריאלשרון,29,8,11,16,12,4,14,10,4,6,0,6,,,,,,
201,2024-08-02,510,מעריב,מנחם לזר,21,7,10,22,13,5,15,8,4,5,0,10,,,,,,
202,2024-08-08,505,ערוץ 14,שלמה פילברוצוריאלשרון,28,8,10,16,13,4,14,9,5,6,0,7,,,,,,
203,2024-08-09,501,מעריב,מנחם לזר,22,7,10,20,13,5,15,9,4,5,0,10,,,,,,
204,2024-08-15,505,ערוץ 14,שלמה פילברוצוריאלשרון,28,8,10,16,12,4,14,10,4,6,0,8,,,,,,
205,2024-08-16,500,מעריב,מנחם לזר,22,7,9,21,14,6,15,9,4,4,0,9,,,,,,
206,2024-08-22,503,חדשות 12,מנו גבע,22,8,10,22,15,5,14,11,0,5,0,8,,,,,,
207,2024-08-22,600,כאן חדשות,דודי חסיד,24,8,10,21,13,5,14,8,4,5,0,8,,,,,,
208,2024-08-23,501,מעריב,מנחם לזר,22,7,9,20,15,5,14,9,4,5,0,10,,,,,,
209,2024-08-27,608,i24 news,יצחק כ״ץ,22,8,9,21,11,6,14,11,5,5,0,8,,,,,,
210,2024-08-29,510,ערוץ 14,שלמה פילברוצוריאלשרון,30,8,10,17,11,5,13,11,4,5,0,6,,,,,,
211,2024-08-30,500,מעריב,מנחם לזר,21,8,9,21,14,6,15,9,4,4,0,9,,,,,,
212,2024-09-04,600,כאן חדשות,דודי חסיד,22,7,10,23,14,5,14,8,4,5,0,8,,,,,,
213,2024-09-05,536,ערוץ 14,שלמה פילברוצוריאלשרון,29,8,10,17,11,4,13,11,5,6,0,6,,,,,,
214,2024-09-06,506,מעריב,מנחם לזר,23,7,9,22,13,6,15,8,4,4,0,9,,,,,,
215,2024-09-09,503,חדשות 12,מנו גבע,22,8,10,21,15,5,14,11,0,5,0,9,,,,,,
216,2024-09-12,536,ערוץ 14,שלמה פילברוצוריאלשרון,29,8,9,18,10,4,13,11,5,6,0,7,,,,,,
217,2024-09-13,503,מעריב,מנחם לזר,24,7,9,21,15,5,14,8,4,4,0,9,,,,,,
218,2024-09-17,500,חדשות 13,יצחק כ״ץ,21,7,10,22,13,5,14,8,5,6,0,9,,,,,,
219,2024-09-19,500,ערוץ 14,שלמה פילברוצוריאלשרון,30,8,10,17,10,5,13,11,5,5,0,6,,,,,,
220,2024-09-20,606,מעריב,מנחם לזר,24,7,9,21,15,5,14,9,4,4,0,8,,,,,,
221,2024-09-26,509,i24 news,יצחק כ״ץ,24,8,10,21,11,6,15,9,4,4,0,8,,,,,,
222,2024-09-26,583,ערוץ 14,שלמה פילברוצוריאלשרון,30,8,10,15,9,4,15,11,5,6,0,7,,,,,,
223,2024-09-27,501,מעריב,מנחם לזר,25,6,10,19,15,6,14,9,4,4,0,8,,,,,,
224,2024-09-29,520,ערוץ 14,שלמה פילברוצוריאלשרון,31,8,11,15,9,5,15,10,5,5,0,6,,,,,,
225,2024-09-29,502,חדשות 12,מנו גבע,25,8,10,21,15,5,14,11,0,5,0,6,,,,,,
226,2024-10-02,600,מעריב,מנחם לזר,26,7,10,19,14,5,14,9,4,5,0,7,,,,,,
227,2024-10-11,500,מעריב,מנחם לזר,24,7,10,20,14,5,14,10,4,5,0,7,,,,,,
228,2024-10-15,472,ערוץ 14,שלמה פילברוצוריאלשרון,33,8,10,15,8,5,15,10,4,5,0,7,,,,,,
229,2024-10-18,602,מעריב,מנחם לזר,23,7,10,20,14,6,14,10,4,5,0,7,,,,,,
230,2024-10-20,676,חדשות 13,יצחק כ״ץ,25,7,10,21,13,5,13,9,5,4,0,8,,,,,,
231,2024-10-25,500,מעריב,מנחם לזר,25,7,10,21,14,5,15,10,0,5,0,8,,,,,,
232,2024-10-27,523,ערוץ 14,שלמה פילברוצוריאלשרון,33,8,10,14,9,5,14,11,5,5,0,6,,,,,,
233,2024-10-28,507,חדשות 12,מנו גבע,26,8,10,22,13,5,13,10,0,5,0,8,,,,,,
234,2024-10-31,501,ישראל היום,יצחק כ״ץ,26,8,11,19,11,5,12,11,4,5,0,8,,,,,,
235,2024-11-01,500,מעריב,מנחם לזר,23,7,10,20,13,5,14,11,4,5,0,8,,,,,,
236,2024-11-06,502,חדשות 12,מנו גבע,25,8,10,20,15,5,13,11,0,5,0,8,,,,,,
237,2024-11-06,606,כאן חדשות,דודי חסיד,24,7,10,21,13,6,15,11,0,5,0,8,,,,,,
238,2024-11-06,504,ערוץ 14,שלמה פילברוצוריאלשרון,33,8,10,16,8,5,14,10,5,5,0,6,,,,,,
239,2024-11-06,502,i24 news,יצחק כ״ץ,26,7,10,20,12,5,16,9,0,5,0,10,,,,,,
240,2024-11-08,500,מעריב,מנחם לזר,24,7,10,19,15,5,14,13,0,5,0,8,,,,,,
241,2024-11-15,500,מעריב,מנחם לזר,23,7,10,20,14,5,15,13,0,5,0,8,,,,,,
242,2024-11-18,500,חדשות 12,מנו גבע,26,8,9,19,15,5,13,12,0,5,0,8,,,,,,
243,2024-11-22,504,מעריב,מנחם לזר,25,8,9,19,15,5,14,12,0,5,0,8,,,,,,
244,2024-11-26,510,חדשות 12,מנו גבע,25,8,9,18,15,5,14,12,0,5,0,9,,,,,,
245,2024-11-29,500,מעריב,מנחם לזר,24,7,9,19,15,5,14,11,4,5,0,7,,,,,,
246,2024-12-06,500,מעריב,מנחם לזר,22,8,9,19,15,5,14,12,4,5,0,7,,,,,,
247,2024-12-09,501,i24 news,יצחק כ״ץ,27,7,9,19,14,5,11,9,4,5,0,10,,,,,,
248,2024-12-11,676,חדשות 13,יצחק כ״ץ,26,7,10,19,13,5,12,10,5,4,0,9,,,,,,
249,2024-12-12,503,חדשות 12,מנו גבע,25,8,9,19,16,5,13,11,0,5,0,9,,,,,,
250,2024-12-12,500,ערוץ 14,שלמה פילברוצוריאלשרון,34,8,10,14,10,5,11,12,5,5,0,6,,,,,,
251,2024-12-13,500,מעריב,מנחם לזר,25,7,10,19,14,5,14,13,0,5,0,8,,,,,,
252,2024-12-13,500,כאן חדשות,דודי חסיד,26,8,10,19,15,5,14,10,0,5,0,8,,,,,,
253,2024-12-19,500,ערוץ 14,שלמה פילברוצוריאלשרון,33,8,10,13,10,4,12,12,4,6,0,8,,,,,,
254,2024-12-20,500,מעריב,מנחם לזר,24,7,9,20,15,6,14,12,0,4,0,9,,,,,,
255,2024-12-25,501,חדשות 12,מנו גבע,23,7,9,19,15,5,14,11,4,5,0,8,,,,,,
256,2024-12-26,500,ערוץ 14,דירקט פולס,32,8,10,13,9,5,13,13,4,5,0,8,,,,,,
257,2024-12-27,500,מעריב,מנחם לזר,23,7,10,20,16,6,15,11,0,4,0,8,,,,,,
258,2024-12-29,601,כאן חדשות,דודי חסיד,25,7,10,18,14,5,14,11,4,5,0,7,,,,,,
259,2025-01-02,508,ערוץ 14,שלמה פילברוצוריאלשרון,34,8,10,15,8,5,13,12,5,5,0,5,,,,,,
260,2025-01-03,500,מעריב,מנחם לזר,24,7,9,18,15,5,16,11,4,5,0,6,,,,,,
261,2025-01-09,498,ערוץ 14,שלמה פילברוצוריאלשרון,34,8,11,13,8,5,14,12,5,5,0,5,,,,,,
262,2025-01-10,501,מעריב,מנחם לזר,22,7,10,19,14,5,15,13,4,5,0,6,,,,,,
263,2025-01-16,531,i24 news,יצחק כ״ץ,27,8,10,18,11,6,16,11,0,4,0,9,,,,,,
264,2025-01-16,521,ערוץ 14,שלמה פילברוצוריאלשרון,29,8,10,12,7,5,15,15,6,5,0,8,,,,,,
265,2025-01-17,509,מעריב,מנחם לזר,23,7,10,17,14,5,15,13,4,5,0,7,,,,,,
266,2025-01-22,500,מכונת האמת,רפי סמית,26,7,9,16,12,5,16,11,5,5,0,8,,,,,,
267,2025-01-23,505,חדשות 12,מנו גבע,24,7,9,18,14,4,13,13,4,6,0,8,,,,,,
268,2025-01-23,500,ישראל היום,יצחק כ״ץ,28,7,10,18,14,5,12,12,0,6,0,8,,,,,,
269,2025-01-23,521,ערוץ 14,שלמה פילברוצוריאלשרון,31,8,11,10,6,5,15,17,6,6,0,5,,,,,,
270,2025-01-24,517,מעריב,מנחם לזר,21,7,10,18,13,5,16,12,4,5,0,9,,,,,,
271,2025-01-31,517,מעריב,מנחם לזר,21,7,9,19,14,5,15,13,4,5,0,8,,,,,,
289,2025-02-05,500,חדשות 13,יצחק כ״ץ,24,7,9,9,5,5,9,11,0,4,0,8,29,,,,,
290,2025-02-07,503,מעריב,מנחם לזר,22,7,9,11,10,4,9,9,0,6,0,9,24,,,,,
291,2025-02-14,500,מעריב,מנחם לזר,20,7,9,10,9,6,10,9,0,4,0,8,28,,,,,
292,2025-02-17,501,חדשות 12,מנו גבע,23,8,9,8,9,5,7,12,4,5,0,7,23,,,,,
293,2025-02-21,509,מעריב,מנחם לזר,21,7,9,9,10,5,10,9,4,4,0,8,24,,,,,
294,2025-02-23,500,i24 news,יצחק כ״ץ,24,8,10,8,7,4,7,11,5,4,0,7,25,,,,,
295,2025-02-28,511,מעריב,מנחם לזר,20,7,9,9,9,5,10,10,4,4,0,8,25,,,,,
296,2025-03-05,500,חדשות 12,מנו גבע,24,8,9,9,11,5,8,10,0,5,0,7,24,,,,,
297,2025-03-07,500,מעריב,מנחם לזר,20,7,10,9,10,5,10,9,4,5,0,8,23,,,,,
298,2025-03-14,500,מעריב,מנחם לזר,21,7,9,9,9,6,10,8,4,4,0,8,25,,,,,
299,2025-03-17,504,חדשות 12,מנו גבע,22,8,9,7,11,5,9,12,0,6,0,9,22,,,,,
300,2025-03-17,504,i24 news,יצחק כ״ץ,19,7,10,12,7,6,7,9,5,5,0,10,23,,,,,
301,2025-03-21,501,מעריב,מנחם לזר,19,7,9,9,8,6,9,10,5,4,0,9,25,,,,,
302,2025-03-28,1004,מעריב,מנחם לזר,19,7,9,10,9,5,9,12,0,4,0,9,27,,,,,
303,2025-04-02,600,כאן חדשות,דודי חסיד,20,7,10,8,9,5,9,10,0,6,0,9,27,,,,,
304,2025-04-04,500,מעריב,מנחם לזר,21,7,9,8,9,5,9,10,0,5,0,8,29,,,,,
305,2025-04-06,502,חדשות 12,מנו גבע,22,8,10,8,8,5,9,13,0,5,0,9,23,,,,,
306,2025-04-11,500,מעריב,מנחם לזר,18,7,9,8,8,5,11,10,0,5,0,10,29,,,,,
307,2025-04-18,508,מעריב,מנחם לזר,19,7,9,7,8,5,10,11,0,5,0,10,29,,,,,
308,2025-04-21,602,כאן חדשות,דודי חסיד,23,7,10,9,8,5,10,10,0,5,0,8,25,,,,,
309,2025-04-25,500,מעריב,מנחם לזר,20,7,9,7,9,5,10,12,0,5,0,10,26,,,,,
310,2025-05-02,510,מעריב,מנחם לזר,19,7,9,8,10,5,11,11,0,5,0,9,26,,,,,
311,2025-05-05,500,חדשות 13,יצחק כ״ץ,20,7,10,5,7,6,8,9,0,6,0,11,31,,,,,
312,2025-05-07,500,מכונת האמת,מנחם לזר,21,7,9,11,10,5,10,10,0,5,0,9,23,,,,,
313,2025-05-07,504,חדשות 12,מנו גבע,21,8,10,7,9,5,10,14,0,5,0,8,23,,,,,
314,2025-05-09,500,מעריב,מנחם לזר,21,7,9,9,10,5,10,11,0,5,0,9,24,,,,,
315,2025-05-16,500,מעריב,מנחם לזר,20,7,9,8,9,5,11,11,0,5,0,8,27,,,,,
316,2025-05-16,500,ישראל היום,יצחק כ״ץ,25,7,10,7,8,4,8,10,0,5,0,9,27,,,,,
317,2025-05-20,500,חדשות 13,יצחק כ״ץ,20,7,10,6,7,6,10,8,4,4,0,9,29,,,,,
318,2025-05-22,630,ערוץ 14,צוריאל שרון,32,8,10,6,5,5,10,14,5,5,0,7,13,,,,,
319,2025-05-23,500,מעריב,מנחם לזר,20,7,9,9,11,6,11,7,0,4,0,8,28,,,,,
320,2025-05-25,500,חדשות 12,מנו גבע,21,8,10,8,9,5,10,13,0,5,0,9,22,,,,,
321,2025-05-28,554,כאן חדשות,דודי חסיד,22,7,10,8,8,6,11,10,0,5,0,8,25,,,,,
322,2025-05-29,672,ערוץ 14,צוריאל שרון,34,8,10,6,5,5,8,14,5,6,0,6,13,,,,,
323,2025-05-30,500,מעריב,מנחם לזר,19,8,9,9,10,6,10,9,0,4,0,8,28,,,,,
324,2025-06-04,502,חדשות 12,מנו גבע,22,8,10,7,9,5,10,12,0,5,0,8,24,,,,,
325,2025-06-04,500,חדשות 13,יצחק כ״ץ,24,7,10,9,8,4,9,10,0,4,0,8,27,,,,,
326,2025-06-05,500,ערוץ 14,שלמה פילברוצוריאלשרון,32,8,10,6,5,5,9,14,5,5,0,7,14,,,,,
327,2025-06-06,506,מעריב,מנחם לזר,20,8,9,8,9,4,10,11,0,6,0,8,27,,,,,
328,2025-06-09,500,וואלה,מנחם לזר,22,7,9,10,9,5,10,9,0,5,0,8,26,,,,,
329,2025-06-11,500,חדשות 13,יצחק כ״ץ,24,7,10,7,8,6,8,9,0,5,0,9,27,,,,,
330,2025-06-12,603,ערוץ 14,שלמה פילברוצוריאלשרון,32,8,11,6,5,6,9,13,5,5,0,6,14,,,,,
331,2025-06-13,506,מעריב,מנחם לזר,20,8,9,8,9,4,10,11,0,6,0,8,27,,,,,
332,2025-06-14,613,ערוץ 14,שלמה פילברוצוריאלשרון,33,8,11,6,5,5,9,11,5,5,0,6,16,,,,,
333,2025-06-18,500,חדשות 13,יצחק כ״ץ,27,7,10,7,7,6,11,11,0,4,0,6,24,,,,,
334,2025-06-19,758,ערוץ 14,שלמה פילברוצוריאלשרון,33,8,11,6,5,5,8,12,5,5,0,6,16,,,,,
335,2025-06-20,500,מעריב,מנחם לזר,26,7,10,7,9,4,10,11,0,6,0,6,24,,,,,
343,2025-06-24,502,חדשות 12,מנו גבע,26,8,9,7,9,5,9,12,0,5,0,6,24,,,,,
344,2025-06-25,583,וואלה,מנחם לזר,26,7,9,8,8,5,10,12,0,5,0,6,24,,,,,
345,2025-06-25,558,כאן חדשות,דודי חסיד,28,7,9,7,8,5,10,9,0,6,0,7,24,,,,,
346,2025-06-26,458,ערוץ 14,שלמה פילבר,33,8,11,6,5,5,10,11,5,5,0,6,15,,,,,
347,2025-06-26,513,i24 news,צוריאל שרון,33,8,11,5,4,5,9,13,4,5,0,6,17,,,,,
348,2025-06-26,501,מעריב,מנחם לזר,25,7,9,8,8,5,9,11,0,6,0,7,25,,,,,
349,2025-07-01,502,חדשות 12,מנו גבע,26,8,9,6,9,5,10,12,0,5,0,6,24,,,,,
350,2025-07-01,500,חדשות 13,יצחק כ,25,7,10,4,8,5,12,10,4,5,0,7,23,,,,,
351,2025-07-03,658,ערוץ 14,שלמה פילבר,34,8,10,5,5,5,11,11,5,6,0,6,14,,,,,
352,2025-07-04,511,מעריב,מנחם לזר,27,8,9,6,9,5,9,11,0,5,0,7,24,,,,,
353,2025-07-11,511,מעריב,מנחם לזר,24,7,9,7,7,4,10,10,4,6,0,7,25,,,,,
354,2025-07-14,525,i24 news,צוריאל שרון,32,8,11,0,4,4,10,13,5,5,0,6,22,,,,,
355,2025-07-16,503,חדשות 12,מנו גבע,27,8,8,6,10,5,10,12,0,5,0,6,23,,,,,
357,2025-07-17,483,ערוץ 14,שלמה פילבר,34,8,10,0,6,5,9,13,5,6,0,6,18,,,,,
358,2025-07-18,506,מעריב,מנחם לזר,26,7,9,6,8,5,11,10,4,5,0,7,22,,,,,
359,2025-07-17,404,זמן ישראל,יוסי טאטיקה,30,7,8,4,7,5,10,9,4,5,0,5,26,,,,,
360,2025-07-23,500,חדשות 13,יצחק כ,25,7,10,0,13,6,10,10,4,4,0,6,25,,,,,
361,2025-07-24,568,ערוץ 14,שלמה פילבר,33,8,11,4,6,5,8,13,4,6,0,6,16,,,,,
362,2025-07-24,633,i24 news,צוריאל שרון,27,8,9,0,5,4,12,11,6,5,0,7,26,,,,,
363,2025-07-25,501,מעריב,מנחם לזר,25,7,10,5,9,5,12,11,0,5,0,7,24,,,,,
364,2025-07-31,568,ערוץ 14,שלמה פילבר,33,8,11,4,6,5,8,13,4,6,0,6,16,,,,,
365,2025-08-01,511,מעריב,מנחם לזר,25,8,9,4,8,4,12,12,0,6,0,7,25,,,,,
366,2025-08-03,568,חדשות 13,יצחק כ,26,8,9,4,15,5,8,8,0,6,0,9,22,,,,,
367,2025-08-07,441,ערוץ 14,שלמה פילבר,34,8,11,5,8,5,8,11,5,5,0,6,14,,,,,
368,2025-08-08,504,מעריב,מנחם לזר,23,7,9,4,7,5,8,10,4,5,0,6,21,11,,,,
369,2025-08-10,554,כאן חדשות,דודי חסיד,26,7,9,4,6,5,10,8,4,6,0,6,22,7,,,,
370,2025-08-14,639,ערוץ 14,שלמה פילבר,33,8,11,4,8,5,8,10,5,5,0,6,17,,,,,
371,2025-08-15,502,מעריב,מנחם לזר,23,7,9,5,6,5,9,10,4,5,0,7,21,9,,,,
372,2025-08-17,505,חדשות 12,מנו גבע,24,7,8,0,7,5,11,11,4,5,0,6,20,12,,,,
373,2025-08-20,542,i24 news,צוריאל שרון,28,8,10,0,4,4,9,13,6,5,0,9,19,,5,,,
374,2025-08-21,524,ערוץ 14,שלמה פילבר,34,8,11,4,8,5,8,10,4,5,0,7,16,,,,,
375,2025-08-22,509,מעריב,מנחם לזר,20,7,8,0,9,5,10,10,4,5,0,8,21,8,5,,,
376,2025-08-26,404,זמן ישראל,יוסי טאטיקה,27,7,9,4,8,4,11,11,0,6,0,7,26,,,,,
377,2025-08-28,509,חדשות 12,מנו גבע,24,7,8,0,7,5,10,11,4,5,0,7,20,12,,,,
381,2025-08-28,524,ערוץ 14,שלמה פילבר,34,8,11,5,8,5,9,9,5,5,0,6,15,,,,,
382,2025-08-29,500,מעריב,מנחם לזר,24,7,8,0,7,5,10,9,0,6,0,8,21,7,8,,,
384,2025-09-02,558,חדשות 13,יצחק כ,22,7,10,4,8,5,10,9,4,5,0,9,23,4,,,,
385,2025-09-03,513,i24 news,צוריאל שרון,30,8,10,0,4,5,11,10,5,5,0,6,20,,6,,,
386,2025-09-04,404,זמן ישראל,יוסי טאטיקה,26,7,9,4,7,4,10,11,0,6,0,7,23,,6,,,
387,2025-09-04,500,חדשות 12,מנו גבע,24,7,8,0,7,5,11,11,4,5,0,7,19,12,,,,
388,2025-09-04,497,ערוץ 14,שלמה פילבר,34,8,11,4,7,5,9,12,4,5,0,6,15,,,,,
389,2025-09-05,500,מעריב,מנחם לזר,25,7,9,4,8,5,10,10,0,5,0,7,24,6,,,,
390,2025-09-09,504,וואלה,מנחם לזר,26,7,10,0,8,5,11,10,0,5,0,7,23,8,,,,
391,2025-09-11,404,זמן ישראל,יוסי טאטיקה,24,7,9,4,6,5,11,9,0,6,0,7,20,7,5,,,
392,2025-09-11,500,חדשות 12,מנו גבע,24,8,9,0,8,5,10,11,0,5,0,7,18,9,6,,,
393,2025-09-11,497,ערוץ 14,שלמה פילבר,34,8,10,4,8,5,8,12,5,5,0,7,14,,,,,
394,2025-09-12,506,מעריב,מנחם לזר,24,7,8,0,7,5,9,12,0,5,0,7,22,9,5,,,
395,2025-09-17,556,כאן חדשות,דודי חסיד,25,8,9,4,8,5,9,10,,5,,8,21,8,,,,
396,2025-09-17,500,חדשות 13,יצחק כ״ץ,23,7,9,4,8,6,9,9,4,4,,9,23,5,,,,
397,2025-09-17,515,i24 news,צוריאל שרון,32,8,10,,5,5,10,11,5,5,,6,13,10,,,,
398,2025-09-17,404,זמן ישראל,יוסי טאטיקה,24,7,9,4,7,5,9,8,0,5,0,7,18,12,5,,,
399,2025-09-18,586,ערוץ 14,שלמה פילבר,33,8,11,4,4,5,8,11,4,5,0,7,15,5,,,,
400,2025-09-18,505,חדשות 12,מנו גבע,24,7,9,0,9,5,11,10,4,5,0,5,21,10,,,,
401,2025-09-19,500,ישראל היום,דודי חסיד,25,8,9,4,8,5,9,10,0,5,0,8,20,9,,,,
402,2025-09-19,506,מעריב,מנחם לזר,25,8,8,4,7,5,10,11,0,5,0,8,20,9,,,,
403,2025-09-25,501,חדשות 12,מנו גבע,24,7,9,0,8,5,11,11,4,5,0,5,19,8,4,,,
404,2025-09-26,502,מעריב,מנחם לזר,26,7,8,0,8,5,9,12,0,5,0,7,20,9,4,,,
405,2025-09-28,493,ערוץ 14,שלמה פילבר,34,8,11,,4,5,8,13,4,5,,6,16,6,,,,
406,2025-09-30,503,וואלה,מנחם לזר,24,7,8,0,7,5,11,9,0,5,0,9,23,7,5,,,
407,2025-09-30,515,i24 news,צוריאל שרון,32,8,10,0,5,5,10,11,5,5,0,6,13,10,,,,
408,2025-09-30,500,חדשות 13,יצחק כ״ץ,23,7,9,4,6,6,7,10,4,5,0,9,25,5,0,,,
409,2025-09-30,500,מעריב,מנחם לזר,25,7,8,0,7,5,10,10,0,5,0,9,22,7,5,,,
410,2025-10-09,500,חדשות 13,יצחק כ״ץ,27,7,9,4,6,6,6,10,4,5,0,9,23,4,0,,,
411,2025-10-09,510,ערוץ 14,שלמה פילבר,34,8,11,0,0,5,13,11,5,5,0,6,16,6,,,,
412,2025-10-10,500,מעריב,מנחם לזר,27,7,8,0,10,5,10,10,0,5,0,6,19,8,5,,,
413,2025-10-15,486,ערוץ 14,שלמה פילבר,35,8,11,0,4,5,11,10,5,6,0,7,13,5,,,,
414,2025-10-16,404,זמן ישראל,יוסי טאטיקה,34,7,9,4,7,4,10,7,4,4,0,5,20,5,0,,,
415,2025-10-16,504,חדשות 12,מנו גבע,27,7,9,0,9,5,9,11,0,5,0,8,22,8,0,,,
416,2025-10-17,502,מעריב,מנחם לזר,26,7,8,0,7,5,9,11,4,5,0,7,20,6,5,,,
417,2025-10-19,519,i24 news,צוריאל שרון,34,8,10,0,4,5,9,10,5,6,0,6,17,6,0,,,
418,2025-10-23,601,ישראל היום,דודי חסיד,28,7,9,0,9,5,10,11,0,5,0,7,21,8,0,,,
419,2025-10-23,501,חדשות 12,מנו גבע,27,7,9,0,9,5,9,13,0,5,0,8,21,7,0,,,
420,2025-10-23,486,ערוץ 14,שלמה פילבר,36,8,11,0,5,5,9,12,4,5,0,7,11,7,,,,
421,2025-10-23,404,זמן ישראל,יוסי טאטיקה,31,7,10,4,7,5,10,9,4,5,0,5,18,5,0,,,
422,2025-10-24,500,מעריב,מנחם לזר,26,7,9,0,9,6,10,12,0,5,0,8,19,9,0,,,
423,2025-10-26,550,כאן חדשות,דודי חסיד,27,7,10,0,10,5,9,11,0,5,0,7,21,8,0,,,
424,2025-10-29,500,חדשות 13,יצחק כ״ץ,27,7,10,0,10,4,9,8,4,5,0,9,23,4,0,,,
425,2025-10-30,500,זמן ישראל,יוסי טאטיקה,30,8,10,4,10,4,10,9,0,5,0,6,20,4,0,,,
426,2025-10-30,504,חדשות 12,מנו גבע,26,7,9,0,10,5,9,11,0,5,0,9,21,8,0,,,
427,2025-10-30,781,ערוץ 14,שלמה פילבר,35,8,11,0,6,5,9,10,5,5,0,7,12,7,,,,
428,2025-10-31,501,מעריב,מנחם לזר,25,7,9,0,9,6,10,12,0,5,0,7,21,9,0,,,
429,2025-11-06,505,זמן ישראל,יוסי טאטיקה,29,8,10,4,9,4,10,9,0,5,0,6,21,5,0,,,
430,2025-11-06,504,חדשות 12,מנו גבע,26,7,9,0,10,5,9,11,0,5,0,9,21,8,0,,,
431,2025-11-06,496,ערוץ 14,שלמה פילבר,35,8,11,0,5,5,10,10,5,6,0,6,12,7,,,,
432,2025-11-07,500,מעריב,מנחם לזר,26,7,9,0,10,5,9,11,0,5,0,7,22,9,0,,,
433,2025-11-13,605,ישראל היום,דודי חסיד,27,7,10,0,10,5,9,12,0,4,0,8,22,6,0,,,
434,2025-11-13,500,זמן ישראל,יוסי טאטיקה,29,8,9,4,10,5,10,10,0,5,0,6,19,5,0,,,
435,2025-11-13,501,חדשות 12,מנו גבע,27,7,9,0,9,5,9,10,0,5,0,9,22,8,0,,,
436,2025-11-13,602,ערוץ 14,שלמה פילבר,35,9,11,0,4,5,9,11,4,6,0,7,12,7,,,,
437,2025-11-14,500,מעריב,מנחם לזר,24,8,8,0,9,5,9,11,0,5,0,8,24,9,0,,,
438,2025-11-20,500,זמן ישראל,יוסי טאטיקה,28,8,10,4,11,5,10,9,0,5,0,6,19,5,0,,,
439,2025-11-20,588,ערוץ 14,שלמה פילבר,34,9,11,0,5,5,10,11,4,6,0,6,12,7,,,,
440,2025-11-20,501,חדשות 12,מנו גבע,27,8,9,0,9,5,9,10,0,5,0,8,22,8,0,,,
441,2025-11-21,504,מעריב,מנחם לזר,25,7,8,0,9,5,9,11,0,5,0,9,23,9,0,,,
748,2026-10-04,553,כאן חדשות,דודי חסיד,21,8,8,0,,,9,8,6,5,,8,12,23,4,8,,0
747,2026-10-02,602,מעריב,מנחם לזר,19,7,7,0,,,9,10,5,5,,9,13,21,4,7,,4
746,2026-10-01,504,i24 news,צוריאל שרון,28,8,7,0,,,7,9,5,5,,8,9,22,0,8,,4
745,2026-10-01,2175,ערוץ 14,שלמה פילבר,32,8,10,0,,,6,9,7,5,,7,8,21,0,7,,0
744,2026-10-01,500,זמן ישראל,יוסי טאטיקה,21,8,9,0,,,10,8,5,5,,6,10,21,5,8,,4
743,2026-09-30,1013,חדשות 13,המדד,19,8,7,0,,,9,11,7,5,,8,11,21,0,9,,5
742,2026-09-29,500,ערוץ 16,יצחק כץ,19,7,8,0,,,7,9,6,5,,8,14,21,4,7,,5
741,2026-09-28,573,ערוץ 14,שלמה פילבר,31,8,10,0,,,6,9,7,5,,7,9,21,0,7,,0
740,2026-09-27,552,כאן חדשות,דודי חסיד,21,7,7,,,,9,9,6,5,,7,11,23,4,7,,4
739,2026-09-25,610,מעריב,מנחם לזר,18,6,6,0,,,9,11,6,5,,9,13,22,4,7,,4
738,2026-09-24,500,ערוץ 16,יצחק כ״ץ,19,7,8,0,,,8,8,5,5,,9,13,23,4,7,,4
737,2026-09-24,537,i24 news,צוריאל שרון,27,8,7,0,,,7,9,6,6,,8,9,22,0,7,,4
736,2026-09-24,500,זמן ישראל,יוסי טאטיקה,21,8,10,0,,,10,8,4,6,,6,12,23,0,8,,4
735,2026-09-23,647,ערוץ 14,שלמה פילבר,32,7,11,0,,,7,9,7,5,,6,7,22,0,7,,0
734,2026-09-23,1503,חדשות 13,המדד,18,8,7,0,,,8,11,6,5,,7,11,22,4,8,,5
733,2026-09-22,501,חדשות 12,מנו גבע,20,8,7,0,,,9,9,5,5,,6,13,23,4,7,,4
732,2026-09-17,483,ערוץ 14,שלמה פילבר,31,8,10,0,,,7,8,7,5,,8,9,20,0,7,,0
731,2026-09-18,600,מעריב,מנחם לזר,18,7,7,0,,,9,9,6,5,,8,13,23,4,7,,4
730,2026-09-17,519,i24 news,צוריאל שרון,27,8,7,0,,,8,10,6,5,,7,9,21,0,7,,5
729,2026-09-17,500,זמן ישראל,יוסי טאטיקה,22,9,9,0,,,9,8,4,6,,7,14,24,0,8,,0
728,2026-09-17,551,ישראל היום,דודי חסיד,20,7,7,0,,,8,9,6,5,,8,13,22,4,7,,4
727,2026-09-16,886,חדשות 13,המדד,18,7,7,0,,,8,10,8,6,,8,12,22,0,8,,6
726,2026-09-16,500,ערוץ 16,יצחק כץ,18,7,9,0,,,7,9,5,5,,9,16,21,4,6,,4
725,2026-09-15,483,ערוץ 14,שלמה פילבר,30,8,10,0,,,6,9,8,5,,8,8,21,0,7,,0
724,2026-09-14,502,חדשות 12,מנו גבע,20,8,7,0,,,8,10,5,4,,6,13,23,4,8,,4
723,2026-09-14,551,כאן חדשות,דודי חסיד,20,7,7,0,,,8,8,6,5,,8,12,24,4,7,,4
722,2026-09-11,601,מעריב,מנחם לזר,19,7,7,0,,,9,10,5,5,,8,14,25,0,7,,4
721,2026-09-10,500,זמן ישראל,יוסי טאטיקה,23,9,10,0,,,10,8,4,5,,6,15,23,0,7,,0
720,2026-09-10,500,ערוץ 16,יצחק כ״ץ,20,7,9,0,,,7,9,4,5,,9,16,23,0,7,,4
719,2026-09-09,537,ערוץ 14,שלמה פילבר,31,7,10,0,,,7,8,8,6,,8,7,22,0,6,,0
718,2026-09-09,1054,i24 news,צוריאל שרון,27,8,7,0,,,7,9,6,5,,8,10,22,0,7,,4
717,2026-09-09,504,חדשות 12,מנו גבע,21,8,7,0,,,9,10,5,4,,6,13,25,0,7,,5
716,2026-09-09,554,כאן חדשות,דודי חסיד,21,8,7,0,,,7,9,5,5,,7,12,24,4,7,,4
715,2026-09-09,1119,חדשות 13,המדד,19,8,7,0,,,8,10,6,6,,9,13,22,0,8,,4
714,2026-09-09,506,וואלה,מנחם לזר,21,7,7,0,,,9,9,5,5,,7,14,25,0,7,,4
713,2026-09-08,600,מעריב,מנחם לזר,20,7,7,0,,,9,10,5,5,,8,13,25,4,7,,0
712,2026-09-07,503,חדשות 12,מנו גבע,21,8,7,0,,,8,11,6,4,,6,13,25,0,7,,4
711,2026-09-07,1057,ערוץ 14,שלמה פילבר,30,7,10,0,,,6,10,8,5,,8,6,22,0,8,,0
710,2026-09-06,551,כאן חדשות,דודי חסיד,20,8,7,0,,,7,8,6,6,,7,13,23,4,7,,4
709,2026-09-04,600,מעריב,מנחם לזר,20,7,7,0,,,9,10,5,5,,8,15,23,0,7,0,4
708,2026-09-03,555,ישראל היום,דודי חסיד,21,8,7,0,,,9,9,6,5,,7,13,24,0,7,0,4
707,2026-09-03,865,ערוץ 14,שלמה פילבר,31,8,10,0,,,6,8,7,5,,7,9,22,0,7,0,0
706,2026-09-03,500,זמן ישראל,יוסי טאטיקה,22,8,9,0,,,10,8,5,5,,6,15,22,4,6,0,0
705,2026-09-02,552,ערוץ 16,יצחק כ״ץ,19,7,9,0,,,7,10,5,4,,9,18,20,0,7,0,5
704,2026-09-02,940,חדשות 13,המדד,21,8,7,0,,,8,11,6,5,,7,12,22,0,9,0,4
703,2026-09-02,522,i24 news,צוריאל שרון,27,8,7,0,,,7,9,6,5,,7,9,23,0,7,0,5
702,2026-09-02,500,וואלה,מנחם לזר,22,8,7,0,,,9,10,5,5,,7,15,24,0,8,0,0
701,2026-08-31,506,חדשות 12,מנו גבע,23,8,7,0,,,9,11,0,4,,8,15,24,0,7,0,4
700,2026-08-30,666,ערוץ 14,שלמה פילבר,31,7,10,0,,,7,8,4,5,,7,6,24,0,7,0,4
699,2026-08-30,551,כאן חדשות,דודי חסיד,21,8,7,0,,,8,9,5,5,,7,14,24,0,8,0,4
698,2026-08-28,506,מעריב,מנחם לזר,20,8,7,0,,,9,10,0,5,,8,15,25,0,8,0,5
697,2026-08-27,981,ערוץ 14,שלמה פילבר,31,7,10,0,,,6,9,4,5,,7,7,23,0,7,0,4
696,2026-08-27,500,זמן ישראל,יוסי טאטיקה,22,8,9,0,,,10,8,0,5,,6,14,26,0,6,0,6
695,2026-08-24,486,ערוץ 14,שלמה פילבר,32,8,10,0,,,7,9,5,5,,8,7,24,0,5,0,0
694,2026-08-26,1407,חדשות 13,המדד,19,8,8,0,,,9,11,5,5,,8,13,24,0,10,0,0
693,2026-08-26,552,ערוץ 16,יצחק כ״ץ,21,7,9,0,,,8,11,0,4,,9,16,21,0,7,0,7
692,2026-08-26,532,i24 news,צוריאל שרון,26,8,7,0,,,8,10,4,6,,6,8,23,0,6,0,8
691,2026-08-26,500,וואלה,מנחם לזר,21,7,7,0,,,9,10,0,5,,8,15,25,0,7,0,6
690,2026-08-24,502,חדשות 12,מנו גבע,22,8,7,,,,9,11,4,4,,9,15,24,,7,,
688,2026-08-23,552,כאן חדשות,דודי חסיד,22,8,7,0,,,9,10,5,5,,9,14,24,0,7,0,0
687,2026-08-21,501,מעריב,מנחם לזר,20,8,7,,,6,10,10,5,5,,9,14,26,,,,
686,2026-08-20,553,ישראל היום,דודי חסיד,22,8,7,,,,10,10,5,5,,9,13,23,,8,,
685,2026-08-20,400,זמן ישראל,יוסי טאטיקה,21,8,9,,,,11,8,6,5,,7,15,23,,7,,
684,2026-08-19,961,חדשות 13,המדד,23,8,7,,,5,9,11,5,5,,8,13,26,,,,
683,2026-08-19,500,ערוץ 16,יצחק כ״ץ,22,7,9,,,5,9,10,4,4,,9,16,25,,,,
682,2026-08-19,558,כאן חדשות,דודי חסיד,23,8,7,,,6,9,10,5,5,,9,14,24,,,,
681,2026-08-18,522,i24 news,דירקט פולס,31,8,8,,,5,8,11,5,5,,6,9,24,,,,
680,2026-08-17,501,חדשות 12,מנו גבע,22,8,7,,,5,10,11,5,5,,8,15,24,,,,
679,2026-08-16,1103,כאן חדשות,יצחק כ״ץ,23,8,7,0,,6,10,10,4,5,0,10,14,23,0,,0,
678,2026-08-14,506,מעריב,מנחם לזר,21,8,7,0,,6,10,10,4,5,0,8,14,23,4,,0,
677,2026-08-13,512,i24 news,צוריאל שרון,30,9,8,0,,6,9,10,5,5,0,7,8,23,0,,0,
676,2026-08-13,500,זמן ישראל,יוסי טאטיקה,21,8,8,0,,6,11,9,6,6,,7,13,25,0,,0,
675,2026-08-12,1240,חדשות 13,המדד,21,8,7,0,,6,10,11,5,5,0,8,12,23,4,,0,
674,2026-08-10,500,ערוץ 16,יצחק כ״ץ,22,7,10,0,,5,9,12,4,4,0,9,16,22,0,,0,
673,2026-08-10,741,ערוץ 14,שלמה פילבר,33,7,10,0,,5,8,10,6,5,0,6,7,23,0,,0,
672,2026-08-10,502,חדשות 12,מנו גבע,22,8,7,0,,5,10,11,5,5,0,8,15,24,0,,0,
671,2026-08-09,551,כאן חדשות,דודי חסיד,24,8,8,0,,5,10,10,5,6,0,8,13,23,0,,,
670,2026-08-07,502,מעריב,מנחם לזר,22,8,7,0,,5,10,9,4,5,0,8,15,23,4,,,
669,2026-08-06,535,i24 news,צוריאל שרון,28,9,8,0,,8,9,10,5,5,,8,7,23,0,,,
668,2026-08-06,552,ישראל היום,דודי חסיד,23,8,7,0,,5,9,10,4,6,0,9,13,22,4,,,
667,2026-08-06,500,זמן ישראל,יוסי טאטיקה,21,8,8,0,,6,11,8,6,6,,8,15,23,0,,,
666,2026-08-05,961,חדשות 13,המדד,22,8,7,0,,6,11,11,5,5,0,9,13,23,0,,,
665,2026-08-04,500,ערוץ 16,יצחק כ״ץ,21,8,9,0,,5,9,11,4,4,0,9,14,22,4,,,
664,2026-08-04,588,ערוץ 14,שלמה פילבר,31,8,11,0,,5,8,10,6,5,0,6,8,22,0,,,
663,2026-08-03,500,חדשות 12,מנו גבע,23,8,7,0,,5,9,10,5,5,0,7,14,23,4,,,
662,2026-08-02,551,כאן חדשות,דודי חסיד,23,8,8,0,,6,9,8,4,5,0,9,13,23,4,,,
661,2026-07-31,501,מעריב,מנחם לזר,22,8,7,0,,5,10,9,5,5,0,7,15,23,4,,,
660,2026-07-30,500,זמן ישראל,יוסי טאטיקה,20,8,8,4,,6,10,8,6,5,,7,13,21,4,,,
659,2026-07-29,539,ערוץ 14,שלמה פילבר,32,8,10,0,,6,8,10,5,5,0,7,7,22,0,,,
658,2026-07-29,956,חדשות 13,המדד,23,9,7,0,,4,10,9,4,5,0,8,13,23,5,,,
657,2026-07-27,525,i24 news,צוריאל שרון,29,8,9,0,,7,9,10,5,5,,8,9,21,0,,,
656,2026-07-27,509,חדשות 12,מנו גבע,22,8,8,0,,5,9,10,4,5,0,8,14,23,4,,,
655,2026-07-26,550,כאן חדשות,דודי חסיד,22,8,8,0,,5,9,10,5,5,0,9,14,21,4,,,
654,2026-07-26,878,ערוץ 14,שלמה פילבר,32,7,10,0,,5,6,12,5,5,0,8,7,23,0,,,
653,2026-07-24,500,מעריב,מנחם לזר,20,8,8,0,,5,10,11,5,5,0,8,17,23,0,,,
652,2026-07-23,500,ישראל היום,דודי חסיד,23,8,8,0,,5,9,10,5,6,0,9,14,23,0,,,
651,2026-07-23,500,זמן ישראל,יוסי טאטיקה,21,8,9,0,,6,10,10,5,5,,8,13,25,0,,,
650,2026-07-21,988,חדשות 13,המדד,21,8,8,0,,6,10,11,5,5,0,7,14,21,4,,,
649,2026-07-20,507,חדשות 12,מנו גבע,23,8,8,0,,5,9,11,4,5,0,8,15,24,0,,,
648,2026-07-19,551,כאן חדשות,דודי חסיד,21,8,8,0,,5,9,9,4,5,0,10,15,22,4,,,
647,2026-07-17,500,מעריב,מנחם לזר,22,8,7,0,,5,9,11,4,5,0,7,16,22,4,,,
646,2026-07-16,606,ערוץ 14,שלמה פילבר,32,8,10,0,,5,7,11,6,5,0,7,8,21,,,,
645,2026-07-16,550,i24 news,צוריאל שרון,28,8,9,0,,7,8,11,6,5,,7,9,22,0,,,
644,2026-07-16,500,זמן ישראל,יוסי טאטיקה,21,8,9,4,,6,10,8,5,4,,7,15,23,0,,,
643,2026-07-15,851,חדשות 13,המדד,22,8,7,0,,5,10,11,6,4,0,7,15,21,4,,,
642,2026-07-13,509,חדשות 12,מנו גבע,22,8,8,0,,5,10,10,5,5,0,8,16,23,0,,,
641,2026-07-12,551,כאן חדשות,דודי חסיד,23,8,8,0,,5,10,9,5,5,0,8,15,24,0,,,
640,2026-07-10,500,מעריב,מנחם לזר,21,8,8,0,,6,10,10,4,5,0,8,18,22,0,,,
639,2026-07-09,691,ערוץ 14,שלמה פילבר,33,7,11,0,,6,8,9,5,5,,7,9,20,,,,
638,2026-07-09,527,i24 news,צוריאל שרון,29,8,9,0,,7,9,10,5,5,,8,9,21,0,,,
637,2026-07-09,500,ישראל היום,דודי חסיד,24,8,8,0,,5,9,8,4,5,0,8,14,23,4,,,
636,2026-07-08,956,חדשות 13,המדד,22,8,8,,,6,10,10,5,5,,8,15,23,,,,
635,2026-07-06,500,חדשות 12,מנו גבע,23,8,8,,,6,9,10,4,4,,9,16,23,,,,
634,2026-07-05,553,כאן חדשות,דודי חסיד,23,8,8,,,6,9,9,5,4,,9,16,23,,,,
633,2026-07-03,606,מעריב,מנחם לזר,21,8,8,0,,6,10,10,5,5,0,8,19,20,0,,,
632,2026-07-02,691,ערוץ 14,שלמה פילבר,33,7,11,0,,6,8,9,5,5,,7,9,20,,,,
631,2026-07-02,500,זמן ישראל,יוסי טאטיקה,22,8,10,0,,5,11,8,5,4,0,8,16,23,0,,,
630,2026-07-01,1108,חדשות 13,המדד,21,8,9,0,,6,10,11,5,5,0,8,17,20,0,,,
629,2026-06-30,500,i24 news,צוריאל שרון,29,8,9,0,,7,9,11,4,5,,8,11,19,0,,,
628,2026-06-29,504,חדשות 12,מנו גבע,24,7,9,0,,5,9,10,4,5,0,8,17,22,0,,,
627,2026-06-25,500,זמן ישראל,יוסי טאטיקה,21,7,10,4,,4,11,7,4,4,0,8,17,23,0,,,
626,2026-06-26,500,מעריב,מנחם לזר,22,7,8,0,,6,11,10,4,4,0,9,18,21,0,,,
625,2026-06-25,504,חדשות 12,מנו גבע,23,7,9,0,,6,9,10,4,4,0,9,18,21,0,,,
624,2026-06-25,530,i24 news,צוריאל שרון,27,8,9,0,,7,10,10,5,5,,8,11,20,0,,,
623,2026-06-25,654,ערוץ 14,שלמה פילבר,33,8,11,0,,5,9,9,4,5,,7,9,20,,,,
622,2026-06-25,500,ישראל היום,דודי חסיד,24,8,8,0,,7,9,10,4,4,0,9,16,21,0,,,
621,2026-06-24,553,כאן חדשות,דודי חסיד,24,7,8,0,,6,10,9,5,4,0,9,16,22,0,,,
620,2026-06-24,1301,חדשות 13,המדד,23,8,8,0,,6,12,10,5,4,0,9,15,20,0,,,
619,2026-06-19,501,מעריב,מנחם לזר,21,7,9,0,,6,10,10,4,4,0,8,20,21,0,,,
618,2026-06-18,1552,ערוץ 14,שלמה פילבר,33,8,10,0,,6,8,9,4,5,0,7,10,20,,,,
617,2026-06-18,500,חדשות 12,מנו גבע,22,7,9,0,,5,9,10,4,5,0,9,19,21,0,,,
616,2026-06-18,500,זמן ישראל,יוסי טאטיקה,23,8,10,0,,5,10,8,0,5,0,9,19,23,0,,,
615,2026-06-17,973,חדשות 13,המדד,22,8,9,0,,6,11,11,4,4,0,8,17,20,0,,,
614,2026-06-16,588,i24 news,צוריאל שרון,28,8,9,0,,7,9,11,4,5,,9,12,18,0,,,
613,2026-06-16,555,כאן חדשות,דודי חסיד,23,7,9,0,,7,10,9,4,4,0,9,17,21,0,,,
612,2026-06-12,500,מעריב,מנחם לזר,22,7,8,0,,6,9,10,4,4,0,9,21,20,0,,,
611,2026-06-11,771,ערוץ 14,שלמה פילבר,33,7,10,0,,6,8,9,5,5,,8,13,16,0,,,
610,2026-06-11,501,חדשות 12,מנו גבע,22,7,9,0,,5,8,11,4,5,0,9,20,20,0,,,
609,2026-06-11,554,i24 news,צוריאל שרון,30,8,9,0,,7,8,11,4,5,,9,12,17,0,,,
608,2026-06-11,500,זמן ישראל,יוסי טאטיקה,24,8,10,0,,5,10,8,0,5,0,8,21,21,0,,,
607,2026-06-11,500,ישראל היום,דודי חסיד,24,7,9,0,,6,9,9,4,4,0,9,19,20,0,,,
606,2026-06-05,500,מעריב,מנחם לזר,25,7,9,0,,6,10,10,0,4,0,9,23,17,0,,,
605,2026-06-04,551,כאן חדשות,דודי חסיד,24,7,8,0,,6,8,9,4,4,0,10,23,17,0,,,
604,2026-06-04,500,זמן ישראל,יוסי טאטיקה,23,8,9,4,,4,10,8,4,4,0,6,21,19,0,,,
603,2026-06-05,505,חדשות 12,מנו גבע,23,7,9,0,,5,9,10,4,5,0,8,21,19,0,,,
602,2026-06-04,531,ערוץ 14,שלמה פילבר,32,7,10,0,,5,8,9,5,5,0,9,14,16,,,,
601,2026-06-04,515,i24 news,צוריאל שרון,30,8,9,0,,5,9,10,5,6,0,8,14,16,0,,,
600,2026-05-29,503,מעריב,מנחם לזר,23,7,9,0,,6,9,10,4,4,0,9,22,17,0,,,
599,2026-05-28,615,ערוץ 14,שלמה פילבר,33,7,11,0,,5,8,9,5,5,0,7,15,15,,,,
598,2026-05-28,504,חדשות 12,מנו גבע,23,8,8,0,,5,9,11,4,5,0,8,22,17,0,,,
597,2026-05-28,500,זמן ישראל,יוסי טאטיקה,23,8,10,0,,13,10,7,4,,,6,22,17,0,,,
595,2026-05-28,500,ישראל היום,דודי חסיד,24,7,9,0,,14,9,8,4,,,8,21,16,0,,,
593,2026-05-25,500,חדשות 13,יצחק כ״ץ,25,7,10,0,,6,8,9,4,4,0,10,23,14,0,,,
591,2026-05-21,500,מעריב,מנחם לזר,24,7,8,0,,5,9,10,4,5,0,8,25,15,0,,,
590,2026-05-20,500,זמן ישראל,יוסי טאטיקה,24,8,9,4,,4,9,8,4,5,0,6,23,16,0,,,
589,2026-05-20,501,חדשות 12,מנו גבע,25,8,9,0,,5,8,10,4,5,0,7,23,16,0,,,
588,2026-05-20,551,כאן חדשות,דודי חסיד,27,8,9,0,,5,8,10,0,5,0,9,23,16,0,,,
587,2026-05-19,546,i24 news,צוריאל שרון,30,8,10,0,,5,8,9,4,6,0,8,15,17,0,,,
586,2026-05-15,502,מעריב,מנחם לזר,25,7,9,0,,5,9,10,0,5,0,8,26,16,0,,,
585,2026-05-14,436,ערוץ 14,שלמה פילבר,33,7,10,0,,5,7,9,5,6,0,8,16,14,,,,
584,2026-05-14,500,ישראל היום,דודי חסיד,26,7,9,0,,6,8,10,0,5,0,9,24,16,0,,,
583,2026-05-14,500,זמן ישראל,יוסי טאטיקה,24,8,9,0,,4,10,8,4,6,0,8,24,15,0,,,
582,2026-05-14,506,חדשות 12,מנו גבע,26,8,9,0,,5,9,10,0,5,0,9,24,15,0,,,
581,2026-05-13,500,חדשות 13,יצחק כ״ץ,25,7,10,0,,5,7,9,4,5,0,10,26,12,0,,,
580,2026-05-12,557,כאן חדשות,דודי חסיד,26,7,9,0,,5,9,10,0,5,0,9,25,15,0,,,
579,2026-05-08,503,מעריב,מנחם לזר,26,7,8,0,,5,9,10,0,5,0,9,26,15,0,,,
578,2026-05-07,721,ערוץ 14,שלמה פילבר,34,8,10,0,,5,8,8,5,5,0,8,16,13,,,,
577,2026-05-07,503,חדשות 12,מנו גבע,25,8,9,0,,5,9,11,0,5,0,9,25,14,0,,,
576,2026-05-07,500,זמן ישראל,יוסי טאטיקה,26,8,9,4,,4,9,8,0,5,0,7,26,14,0,,,
575,2026-05-01,501,מעריב,מנחם לזר,26,7,8,0,,5,8,10,0,5,0,9,28,14,0,,,
574,2026-04-30,624,ערוץ 14,שלמה פילבר,35,8,11,0,,5,7,8,4,5,0,7,18,12,,,,
573,2026-04-30,500,ישראל היום,דודי חסיד,28,7,8,0,,6,9,9,0,5,0,9,23,16,0,,,
572,2026-04-30,500,זמן ישראל,יוסי טאטיקה,26,8,9,0,,4,10,8,0,5,0,7,28,15,0,,,
571,2026-04-27,501,חדשות 12,מנו גבע,25,7,9,0,,5,9,10,0,5,0,9,26,15,0,,,
570,2026-04-27,578,i24 news,צוריאל שרון,33,8,11,0,,4,6,9,4,7,0,6,24,8,0,,,
569,2026-04-27,500,חדשות 13,יצחק כ״ץ,26,7,10,0,,6,6,8,4,5,0,10,26,12,0,,,
567,2026-04-27,555,כאן חדשות,דודי חסיד,27,7,9,0,,5,8,11,0,5,0,9,24,15,0,,,
566,2026-04-27,500,וואלה,מנחם לזר,28,7,8,0,,5,8,9,0,5,0,8,27,15,0,,,
565,2026-04-26,932,ערוץ 14,שלמה פילבר,34,8,11,0,,,8,8,4,,,7,20,9,,11,,
564,2026-04-24,502,מעריב,מנחם לזר,24,7,9,0,7,5,9,9,0,5,0,9,24,12,0,,,
562,2026-04-23,500,חדשות 12,מנו גבע,25,7,9,0,7,5,8,10,0,5,0,9,21,14,0,,,
561,2026-04-23,958,ערוץ 14,שלמה פילבר,35,8,11,0,4,,9,8,4,,,8,10,12,,11,,
560,2026-04-17,500,מעריב,מנחם לזר,25,7,9,0,7,5,9,9,0,5,0,8,24,12,0,,,
558,2026-04-16,500,חדשות 12,מנו גבע,25,7,9,0,6,5,9,10,0,5,0,10,20,14,0,,,
557,2026-04-16,511,ערוץ 14,שלמה פילבר,35,8,11,0,0,,9,10,4,,,7,11,13,,12,,
556,2026-04-16,500,ישראל היום,דודי חסיד,26,7,9,0,6,6,8,9,0,5,0,10,20,14,0,,,
555,2026-04-16,500,זמן ישראל,יוסי טאטיקה,28,8,9,4,5,4,10,9,0,5,0,6,16,16,0,,,
554,2026-04-10,500,מעריב,מנחם לזר,25,7,9,0,7,5,9,8,0,5,0,8,24,13,0,,,
553,2026-04-09,532,i24 news,צוריאל שרון,32,9,10,0,0,4,10,10,4,7,0,9,11,14,0,,,
552,2026-04-09,951,ערוץ 14,שלמה פילבר,35,9,10,0,4,,8,10,4,,,7,10,12,,11,,
551,2026-04-09,500,חדשות 13,יצחק כ״ץ,22,7,10,0,6,6,8,8,5,5,0,10,21,12,0,,,
550,2026-04-09,500,חדשות 12,מנו גבע,25,7,9,0,6,5,9,10,0,5,0,9,22,13,0,,,
549,2026-04-09,552,כאן חדשות,דודי חסיד,25,7,9,0,6,5,9,11,0,5,0,10,19,14,0,,,
547,2026-04-03,500,מעריב,מנחם לזר,25,7,9,0,8,6,8,9,0,4,0,8,22,14,0,,,
546,2026-03-29,553,כאן חדשות,דודי חסיד,28,8,9,0,7,6,8,9,0,5,0,8,19,13,0,,,
545,2026-03-27,500,מעריב,מנחם לזר,26,7,8,0,7,5,9,10,0,5,0,9,21,13,0,,,
544,2026-03-26,703,ערוץ 14,שלמה פילבר,35,9,10,0,4,,8,10,4,,,7,10,11,,12,,
542,2026-03-26,503,חדשות 12,מנו גבע,27,7,9,0,6,5,9,11,0,5,0,9,20,12,0,,,
541,2026-03-26,500,זמן ישראל,יוסי טאטיקה,29,8,9,0,6,5,10,8,0,5,0,7,16,17,0,,,
540,2026-03-25,500,חדשות 13,יצחק כ״ץ,25,7,10,0,7,7,8,7,4,5,0,9,18,13,0,,,
539,2026-03-20,534,i24 news,צוריאל שרון,34,8,10,0,4,4,7,9,4,7,0,7,13,13,0,,,
538,2026-03-20,500,מעריב,מנחם לזר,28,7,8,0,8,5,10,10,0,5,0,7,21,11,0,,,
537,2026-03-19,754,ערוץ 14,שלמה פילבר,36,9,10,0,4,,8,9,4,,,7,10,11,,12,,
536,2026-03-19,503,חדשות 12,מנו גבע,28,7,9,0,6,5,9,12,0,5,0,7,20,12,0,,,
535,2026-03-19,500,ישראל היום,דודי חסיד,28,7,9,0,6,6,8,10,0,5,0,9,20,12,0,,,
534,2026-03-19,500,זמן ישראל,יוסי טאטיקה,28,8,8,4,5,5,10,9,0,5,0,7,15,16,0,,,
533,2026-03-13,500,מעריב,מנחם לזר,27,7,8,0,7,5,8,10,0,5,0,8,22,13,0,,,
532,2026-03-12,661,ערוץ 14,שלמה פילבר,35,9,11,0,4,,8,9,4,,,7,10,11,,12,,
531,2026-03-12,500,חדשות 12,מנו גבע,26,7,9,0,6,5,9,12,0,5,0,9,21,11,0,,,
530,2026-03-12,500,זמן ישראל,יוסי טאטיקה,29,7,8,0,6,5,10,8,4,5,0,6,17,15,0,,,
529,2026-03-10,500,חדשות 13,יצחק כ״ץ,25,7,10,0,8,,8,7,0,,,9,17,13,0,16,,
528,2026-03-06,500,מעריב,מנחם לזר,27,7,8,0,6,5,8,10,0,5,0,9,21,14,0,,,
527,2026-03-05,742,ערוץ 14,שלמה פילבר,34,9,11,0,4,,7,9,4,,,8,11,10,0,13,,
526,2026-03-05,500,זמן ישראל,יוסי טאטיקה,31,7,9,4,6,5,10,8,0,5,0,6,15,14,0,,,
524,2026-02-27,501,מעריב,מנחם לזר,26,7,8,0,8,5,8,11,0,5,0,9,19,14,0,,,
523,2026-02-26,500,חדשות 12,מנו גבע,26,7,9,0,7,4,8,11,0,6,0,10,21,11,0,,,
522,2026-02-26,500,זמן ישראל,יוסי טאטיקה,27,8,10,0,7,5,10,9,0,6,0,8,18,12,0,,,
521,2026-02-26,579,ערוץ 14,שלמה פילבר,33,8,11,0,4,,8,9,5,,,8,10,11,0,13,,
520,2026-02-20,535,i24 news,צוריאל שרון,34,8,10,0,0,,8,9,4,,,8,14,11,0,14,,
519,2026-02-20,501,מעריב,מנחם לזר,26,7,8,0,8,5,8,11,0,5,0,9,20,13,0,,,
518,2026-02-19,500,זמן ישראל,יוסי טאטיקה,27,8,10,4,7,5,10,9,0,6,0,7,18,9,0,,,
516,2026-02-19,501,חדשות 12,מנו גבע,27,7,9,0,7,5,9,11,0,5,0,9,21,10,0,,,
515,2026-02-19,1024,ערוץ 14,שלמה פילבר,34,9,10,0,5,,8,9,4,,,8,11,9,0,13,,
514,2026-02-17,500,חדשות 13,יצחק כ״ץ,25,7,10,0,9,,8,7,0,,,8,22,9,0,15,,
513,2026-02-13,593,מעריב,מנחם לזר,25,7,8,0,9,5,9,9,0,5,0,10,21,12,0,,,
512,2026-02-12,532,ערוץ 14,שלמה פילבר,35,9,10,0,5,,8,10,5,,,7,10,8,0,13,,
510,2026-02-12,508,חדשות 12,מנו גבע,26,7,9,0,7,5,9,11,0,5,0,9,21,11,0,,,
508,2026-02-12,500,זמן ישראל,יוסי טאטיקה,28,8,10,0,9,5,11,8,0,6,0,7,20,8,0,,,
506,2026-02-12,500,ישראל היום,דודי חסיד,27,7,9,0,7,5,9,9,0,5,0,10,21,11,0,,,
505,2026-02-06,501,מעריב,מנחם לזר,26,7,8,0,7,6,9,10,0,5,0,9,24,9,0,,,
503,2026-02-05,644,ערוץ 14,שלמה פילבר,34,9,11,4,4,,8,9,4,,,7,11,6,0,13,,
502,2026-02-05,500,זמן ישראל,יוסי טאטיקה,27,8,10,4,8,,10,8,0,,,7,18,6,0,14,,
501,2026-02-05,500,חדשות 12,מנו גבע,26,7,9,0,8,5,8,11,0,5,0,8,23,10,0,,,
499,2026-02-04,500,חדשות 13,יצחק כ״ץ,26,6,9,0,8,,7,8,4,,,9,22,6,0,15,,
494,2026-01-30,503,מעריב,מנחם לזר,27,7,8,0,7,,9,9,0,,,8,22,10,0,13,,
493,2026-01-29,952,ערוץ 14,שלמה פילבר,34,9,10,0,6,,9,9,4,,,7,12,7,,13,,
492,2026-01-29,501,חדשות 12,מנו גבע,27,7,9,0,8,,8,11,0,,,8,21,9,0,12,,
491,2026-01-29,500,זמן ישראל,יוסי טאטיקה,27,8,9,0,8,,10,9,0,,,7,19,7,0,16,,
490,2026-01-23,501,מעריב,מנחם לזר,25,7,8,0,9,5,9,9,0,5,0,9,23,11,0,,,
489,2026-01-22,501,חדשות 12,מנו גבע,25,8,9,0,8,5,9,11,0,5,0,9,22,9,0,,,
488,2026-01-22,503,ערוץ 14,שלמה פילבר,34,9,10,4,5,6,8,10,5,5,0,7,10,7,,,,
487,2026-01-22,500,זמן ישראל,יוסי טאטיקה,25,8,10,4,8,5,10,9,4,6,0,6,18,7,0,,,
486,2026-01-20,500,חדשות 13,יצחק כ״ץ,25,7,10,0,8,5,9,9,0,4,4,9,23,7,0,,,
485,2026-01-16,501,מעריב,מנחם לזר,26,7,8,0,9,5,8,10,0,4,0,10,22,11,0,,,
484,2026-01-15,504,חדשות 12,מנו גבע,26,8,8,0,9,5,8,12,0,5,0,9,22,8,0,,,
483,2026-01-15,604,ערוץ 14,שלמה פילבר,35,9,11,0,5,5,10,11,4,6,0,7,11,6,,,,
482,2026-01-15,600,ישראל היום,דודי חסיד,27,7,10,0,8,5,8,9,0,5,0,9,23,9,0,,,
480,2026-01-15,500,זמן ישראל,יוסי טאטיקה,27,8,10,4,9,5,10,8,0,6,0,7,19,7,0,,,
479,2026-01-09,503,מעריב,מנחם לזר,27,7,8,0,8,5,9,10,0,5,0,9,22,10,0,,,
478,2026-01-08,500,חדשות 12,מנו גבע,25,7,8,0,9,5,8,12,4,5,0,8,21,8,0,,,
477,2026-01-08,506,ערוץ 14,שלמה פילבר,35,9,11,0,6,5,9,8,4,5,0,7,13,8,,,,
476,2026-01-08,500,זמן ישראל,יוסי טאטיקה,28,8,10,0,10,5,10,9,0,6,0,7,21,6,0,,,
474,2026-01-07,500,חדשות 13,יצחק כ״ץ,26,7,10,0,7,5,8,10,0,5,0,10,24,8,0,,,
473,2026-01-02,500,מעריב,מנחם לזר,27,7,8,0,9,5,10,10,0,5,0,10,19,10,0,,,
472,2026-01-01,500,זמן ישראל,יוסי טאטיקה,28,8,10,0,10,5,10,8,0,6,0,6,22,7,0,,,
471,2026-01-01,500,חדשות 12,מנו גבע,26,7,9,0,10,5,9,11,0,5,0,9,21,8,0,,,
470,2026-01-01,736,ערוץ 14,שלמה פילבר,35,8,11,0,6,5,9,10,5,5,0,7,11,8,,,,
469,2025-12-28,500,כאן חדשות,דודי חסיד,25,7,10,0,8,5,9,9,0,5,0,9,20,9,4,,,
468,2025-12-26,500,מעריב,מנחם לזר,25,7,9,0,9,5,10,10,0,5,0,9,21,10,0,,,
467,2025-12-25,500,חדשות 12,מנו גבע,25,7,8,0,9,5,9,11,4,5,0,8,22,7,0,,,
466,2025-12-25,657,ערוץ 14,שלמה פילבר,34,9,10,0,5,5,9,10,5,5,0,8,12,8,,,,
465,2025-12-25,500,ישראל היום,דודי חסיד,25,7,10,0,8,5,9,10,0,5,0,8,21,8,4,,,
464,2025-12-25,500,זמן ישראל,יוסי טאטיקה,25,8,10,0,9,5,10,10,4,5,0,5,20,5,4,,,
463,2025-12-23,500,חדשות 13,יצחק כ״ץ,25,7,9,0,9,6,10,8,4,4,0,10,22,6,0,,,
462,2025-12-19,544,i24 news,צוריאל שרון,35,9,10,0,0,5,9,9,4,6,0,8,20,5,0,,,
461,2025-12-19,500,מעריב,מנחם לזר,25,7,9,0,9,5,9,10,0,5,0,9,22,10,0,,,
460,2025-12-18,491,ערוץ 14,שלמה פילבר,36,8,11,0,4,5,10,11,4,5,0,7,11,8,,,,
459,2025-12-18,500,זמן ישראל,יוסי טאטיקה,26,8,10,0,10,5,10,10,0,5,0,6,20,6,4,,,
458,2025-12-12,500,מעריב,מנחם לזר,28,7,9,0,8,5,11,11,0,5,0,8,20,8,0,,,
457,2025-12-11,503,חדשות 12,מנו גבע,27,7,9,0,9,5,9,11,0,5,0,8,22,8,0,,,
456,2025-12-11,657,ערוץ 14,שלמה פילבר,35,8,11,0,4,5,10,10,4,6,0,7,13,7,,,,
455,2025-12-11,500,זמן ישראל,יוסי טאטיקה,28,8,10,0,10,4,10,9,0,5,0,6,21,5,4,,,
454,2025-12-05,500,חדשות 13,יצחק כ״ץ,23,6,10,0,9,6,10,10,4,4,0,9,19,6,4,,,
453,2025-12-05,500,מעריב,מנחם לזר,26,7,8,0,9,5,9,9,4,5,0,8,22,8,0,,,
452,2025-12-04,1119,ערוץ 14,שלמה פילבר,35,8,11,0,4,5,11,10,5,5,0,7,12,7,,,,
451,2025-12-04,500,חדשות 12,מנו גבע,25,7,9,0,9,5,9,12,4,5,0,6,21,8,0,,,
450,2025-12-04,500,ישראל היום,דודי חסיד,25,7,9,0,9,5,9,9,0,5,0,8,23,7,4,,,
449,2025-12-04,500,זמן ישראל,יוסי טאטיקה,28,8,10,0,10,5,9,11,0,6,0,6,20,7,0,,,
448,2025-12-01,500,i24 news,צוריאל שרון,35,9,11,0,0,5,10,10,5,5,0,7,19,4,0,,,
447,2025-11-30,555,כאן חדשות,דודי חסיד,27,7,9,0,10,5,9,10,0,5,0,9,22,7,0,,,
446,2025-11-28,500,מעריב,מנחם לזר,25,7,8,0,9,5,9,10,0,5,0,8,22,8,4,,,
445,2025-11-27,467,ערוץ 14,שלמה פילבר,35,9,11,0,4,5,11,12,5,5,0,6,10,7,,,,
444,2025-11-27,501,חדשות 12,מנו גבע,27,7,9,0,8,5,10,11,0,5,0,9,22,7,0,,,
443,2025-11-27,500,זמן ישראל,יוסי טאטיקה,28,8,10,0,11,5,10,10,0,6,0,6,20,6,0,,,
442,2025-11-21,500,חדשות 13,יצחק כ״ץ,27,7,9,0,7,5,8,8,4,4,0,8,23,6,4,,,
